Algorithm,Accuracy
NaiveBayes,0.7037037037037037
Random Forest,0.7654320987654321
LogisticRegressio,0.7037037037037037
SVM,0.7901234567901234
