Algorithm,Accuracy
NaiveBayes,0.6666666666666666
Random Forest,0.7037037037037037
LogisticRegressio,0.691358024691358
SVM,0.7654320987654321
