Algorithm,Accuracy
NaiveBayes,0.691358024691358
Random Forest,0.7654320987654321
LogisticRegressio,0.7407407407407407
SVM,0.6790123456790124
